Year,France,Italy,Portugal,Spain,Austria,Belgium,Denmark,Finland,Germany,Greece,Ireland,Netherlands,Sweden,Switzerland,United Kingdom,Other WEM,Bulgaria,Croatia,Georgia,Hungary,Moldova,Romania,Russia,Ukraine,Other ECA,Australia,New Zealand,Canada,United States,Argentina,Brazil,Chile,Mexico,Uruguay,Other LAC,Algeria,Morocco,South Africa,Tunisia,Turkey,Other AME,China,Hong Kong,India,Japan,Korea,Malaysia,Philippines,Singapore,Taiwan,Thailand,Other Asia Pacific,Other,World
1835,"2,669,460",,,,,,,,,,,,,,0,,,,,,,,,,,,,,,,,,,,,,,"8,997",,,,,,,,,,,,,,,,
1836,"3,139,583",,,,,,,,,,,,,,0,,,,,,,,,,,,,,,,,,,,,,,"9,715",,,,,,,,,,,,,,,,
1837,"3,834,476",,,,"119,280",,,,,,,,,,0,,,,,,,,,,,,,,,,,,,,,,,"10,536",,,,,,,,,,,,,,,,
1838,"2,547,320",,"308,900",,"123,015",,,,,,,,,,0,,,,,,,,,,,,,,,,,,,,,,,"10,427",,,,,,,,,,,,,,,,
1839,"2,676,487",,"295,700",,"122,000",,,,,,,,,,0,,,,,,,,,,,,,,472,,,,,,,,,"10,999",,,,,,,,,,,,,,,,
1840,"2,792,689",,"386,800",,"124,713",,,,,,,,,,0,,,,,,,,,,,,,,,,,,,,,,,"9,212",,,,,,,,,,,,,,,,
1841,"3,394,148",,"295,700",,"120,000",,,,,,,,,,0,,,,,,,,,,,,,,,,,,,,,,,"12,404",,,,,,,,,,,,,,,,
1842,"3,460,890",,"318,200",,"114,009",,,,"204,035",,,,,,0,,,,,,,,,,,,,,,,,,,,,,,"10,650",,,,,,,,,,,,,,,,
1843,"1,923,134",,"333,400",,"118,767",,,,,,,,,,0,,,,,,,,,,,131,,,,,,,,,,,,"7,814",,,,,,,,,,,,,,,,
1844,"2,948,162",,"318,200",,"123,597",,,,,,,,,,0,,,,,,,,,,,137,,,,,,,,,,,,"9,552",,,,,,,,,,,,,,,,
1845,"3,035,598",,"395,500",,"127,347",,,,,,,,,,0,,,,,,,,,,,228,,,,,,,,,,,,"9,985",,,,,,,,,,,,,,,,
1846,"3,270,486",,"453,100",,"125,169",,,,"288,000",,,,,,0,,,,,,,,,,,274,,,,,,,,,,,,"11,365",,,,,,,,,,,,,,,,
1847,"5,472,236",,,,"128,040",,,,"294,000",,,,,,0,,,,,,,,,,,336,,,,,,,,,,,,"11,365",,,,,,,,,,,,,,,,
1848,"5,200,932",,"422,000",,"128,700",,,,"298,000",,,,,,0,,,,,,,,,,,347,,,,,,,,,,,,"6,285",,,,,,,,,,,,,,,,
1849,"3,582,267",,"256,800",,"128,700",,,,"218,000",,,,,,0,,,,,,,,,,,556,,,825,,,,,,,,,"12,159",,,,,,,,,,,,,,,,
1850,"4,560,550",,"326,700",,"128,700",,,,"169,000",,,,,,0,,,,,,,,,,,582,,,,,,,,,,,,"12,159",,,,,,,,,,,,,,,,
1851,"3,972,495",,"439,500",,"131,670",,,,"107,000",,,,,,0,,,,,,,,,,,689,,,,,,,,,,,,"12,159",,,,,,,,,,,,,,,,
1852,"2,885,077",,"399,900",,"138,600",,,,"165,000",,,,,,0,,,,,,,,,,,565,,,,,,,,,,,,"10,297",,,,,,,,,,,,,,,,
1853,"2,283,168",,"269,400",,"140,000",,,,"163,000",,,,,,0,,,,,,,,,,,578,,,,,,,,,,,,"14,453",,,,,,,,,,,,,,,,
1854,"1,090,518",,"216,700",,"156,882",,,,"42,000",,,,,,0,,,,,,,,,,,483,,,,,,,,,,"2,549",,"14,077",,,,,,,,,,,,,,,,
1855,"1,528,881",,"149,600",,"165,000",,,,"105,000",,741,,,,0,,,,,,,,,,,486,,,,,,,,,,"1,501",,"14,413",,,,,,,,,,,,,,,,
1856,"2,145,371",,"65,600",,"180,000",,,,"102,000",,,,,,0,,,,,,,,,,,894,,,,,,,,,,,,"14,413",,,,,,,,,,,,,,,,
1857,"3,567,558",,"42,300",,"209,748",,,,"196,000",,,,,,0,,,,,,,,,,,941,,,,,,,,,,,,"14,413",,,,,,,,,,,,,,,,
1858,"5,432,339",,"208,800",,"200,000",,,,"359,000",,,,,,0,,,,,,,,,,,"1,159",,,,,,,,,,"3,857",,"14,413",,,,,,,,,,,,,,,,
1859,"3,011,518",,"88,400",,"196,647",,,,"319,000",,,,,,0,,,,,,,,,,,"1,119",,,"6,124",,,,,,,"4,949",,"14,413",,,,,,,,,,,,,,,,
1860,"3,985,514","1,730,000","79,300","1,224,801","192,562",,,,"172,000","114,073",,,,"60,000",0,"16,326","154,177",,,"438,488",,"358,763","250,000",,"23,268","1,341",0,0,"6,770","3,624","17,313","25,126",323,"2,266",807,"7,825",83,"14,396",280,"21,000",52,,,,700,,,,,,,,,"9,501,098"
1861,"3,000,662","1,730,000","111,100","1,278,712","188,478",,,,"109,000","114,814",,,,"60,000",0,"14,312","101,344",,,"288,228",,"235,823","250,000",,"15,294","1,927",4,87,"7,416","3,729","17,828","25,126",344,"2,296",807,"3,668",39,"14,510",131,"21,000",43,,,,700,,,,,,,,,"8,186,125"
1862,"3,738,796","1,738,537","115,800","1,332,623","184,393",,,,"253,000","115,554",,,,"60,000",0,"19,465","116,689",,,"331,870",,"271,530","250,000",,"17,610","2,762",7,173,"8,062","3,837","18,343","27,745",365,"2,325",891,"4,323",46,"14,520",154,"21,000",44,,,,700,,,,,,,,,"10,803,236"
1863,"5,175,717","1,738,873","172,600","1,386,534","180,308",,,,"248,000","116,295",,,,"60,000",0,"19,480","95,533",,,"271,700",,"222,300","250,000",,"14,417","3,833",11,260,"8,708","3,948","18,858","21,329",386,"2,355",685,"7,046",75,"14,580",252,"21,000",51,,,,700,,,,,,,,,"10,678,628"
1864,"5,103,332","1,708,741","149,900","1,440,445","176,224",,,,"110,000","117,035",,,,"60,000",0,"19,438","70,605",,,"200,805",,"164,295","250,000",,"10,655","4,803",14,346,"9,354","4,062","19,373","27,684",407,"2,385",889,"6,383",68,"14,287",228,"21,000",50,,,,700,,,,,,,,,"10,511,752"
1865,"6,946,000","1,829,807","215,100","1,494,356","172,139",,,,"165,000","117,776",,,,"60,000",0,"23,762","79,114",,,"225,005",,"184,095","250,000",,"11,940","5,052",18,433,"10,000","4,180","19,888","22,165",428,"2,415",712,"7,819",83,"14,709",279,"21,000",53,,,,700,,,,,,,,,"12,673,148"
1866,"6,431,679","2,173,405","215,700","1,548,267","168,054",,,,"300,000","118,516",,,,"60,000",0,"23,326","89,344",,,"254,100",,"207,900","250,000",,"13,483","5,387",21,519,"10,000","4,301","20,402","21,742",449,"2,445",698,"9,911",105,"14,709",354,"21,000",59,,,,700,,,,,,,,,"12,531,965"
1867,"3,942,146","2,145,163","150,000","1,602,178","163,970",,,,"296,000","119,257",,,,"60,000",0,"18,438","109,379",,,"311,080",,"254,520","250,000",,"16,507","6,323",25,606,"10,000","4,425","20,917","28,618",471,"2,475",919,"7,641",81,"14,709",273,"21,000",55,,,,700,,,,,,,,,"10,286,573"
1868,"5,248,874","2,124,539","179,700","1,656,089","159,885",,,,"444,000","119,997",,,,"60,000",0,"21,811","120,615",,,"343,035",,"280,665","250,000",,"18,203","7,080",28,692,"10,000","4,554","21,432","23,809",492,"2,505",765,"11,461",121,"16,410",409,"21,000",66,,,,700,,,,,,,,,"12,005,365"
1869,"7,052,500","2,284,411","187,700","1,710,000","123,090",,,,"209,000","120,738",,,,"60,000",0,"25,155","106,536",,,"302,995",,"247,905","250,000",,"16,078","7,998",32,779,"16,067","4,685","21,947","22,897",513,"2,534",735,"12,688",134,"14,510",453,"21,000",70,,,,700,,,,,,,,,"13,557,800"
1870,"5,494,401","2,415,184","279,300","1,710,000","89,793",,,,"104,392","121,478",,,,"60,000",0,"21,637","92,148",,,"262,075",,"214,425","250,000",,"13,907","8,366",35,865,"17,307","4,830","22,462","20,582",534,"2,564",661,"12,709",135,"14,510",454,"21,000",71,,,,700,,,,,,,,,"11,756,017"
1871,"5,864,876","2,525,964","211,500","1,763,911","105,996",,,,"84,899","122,219",,,,"60,000",0,"22,729","121,949",,,"347,971",,"282,629","250,000",,"18,404","8,292",39,952,"18,547","4,980","22,977","26,186",555,"2,594",841,"18,473",196,"14,510",660,"21,000",86,,,,700,,,,,,,,,"12,494,066"
1872,"5,169,555","2,613,722","167,800","1,817,822","73,293",,,,"37,561","122,959",,,,"60,000",0,"20,607","75,440",,,"213,555",,"176,545","250,000",,"11,385","8,215",42,"1,038","25,708","5,134","23,492","32,407",576,"2,624","1,041","22,784",241,"14,709",814,"21,000",98,,,,700,,,,,,,,,"11,188,407"
1873,"3,681,305","2,163,664","269,200","1,871,733","61,347",,,,"89,082","123,700",,,,"60,000",0,"18,422","94,276",,,"322,169",,"165,331","250,000",,"14,228","7,992",46,"1,125","32,173","5,300","24,007","32,144",597,"2,654","1,032","17,068",181,"10,165",610,"21,000",86,,,,700,,,,,,,,,"10,246,739"
1874,"6,532,394","1,986,974","209,461","1,925,644","104,214",,,,"179,578","124,440",,,,"60,000",0,"24,512","63,779",,,"173,446",,"156,354","250,000",,"9,625","8,459",49,"1,212","38,955","6,128","24,521","24,685",618,"2,684",793,"22,900",243,"10,165",818,"21,000",101,,,,700,,,,,,,,,"13,031,621"
1875,"8,652,437","2,364,061","219,756","1,979,555","212,058",,,,"244,040","125,181",,,,"60,000",0,"29,812","148,134",,,"536,578",,"229,422","250,000",,"22,356","9,400",53,"1,298","46,366","7,085","25,036","29,660",639,"2,713",953,"19,631",208,"20,545",701,"25,000",94,,,,700,,,,,,,,,"16,166,126"
1876,"4,318,788","2,508,064","227,045","2,034,453","78,837",,,,"220,373","133,163",,,,"62,000",0,"19,028","64,939",,,"157,236",,"178,564","250,000",,"9,800","10,875",56,"1,385","53,304","8,192","25,551","26,645",660,"2,743",856,"22,244",236,"22,271",795,"25,000",103,,,,700,,,,,,,,,"10,404,901"
1877,"5,799,757","2,244,002","218,651","1,998,480","105,666",,,,"129,083","141,145",,,,"64,000",0,"22,552","106,459",,,"327,146",,"223,354","250,000",,"16,066","7,698",60,"1,471","60,166","9,471","26,066","24,953",681,"2,773",801,"26,517",281,"23,998",947,"25,000",115,,,,700,,,,,,,,,"12,403,248"
1878,"5,020,856","2,264,448","217,243","1,962,704","222,123",,,,"193,740","149,127",,,,"66,000",0,"21,963","189,518",,,"667,988",,"312,012","250,000",,"28,601","7,676",63,"1,558","62,241","10,951","26,581","24,707",702,"2,803",793,"33,822",358,"25,724","1,208","25,000",134,,,,700,,,,,,,,,"12,662,911"
1879,"2,627,525","2,471,320","225,068","2,448,138","96,657",,,,"67,757","157,108",,,,"68,000",0,"16,971","156,914",,,"515,361",,"296,039","250,000",,"23,681","7,542",67,"1,644","69,023","12,661","27,096","21,822",723,"2,833",701,"35,153",372,"21,941","1,256","25,000",140,,,,700,,,,,,,,,"10,041,001"
1880,"3,010,805","2,484,313","245,265","2,340,220","57,123",,,,"31,200","165,090",,,,"70,000",0,"17,776","83,678",,,"196,044",,"236,656","250,000",,"12,628","9,516",70,"1,731","81,854","14,639","27,611","19,909",744,"2,863",639,"43,258",458,"26,100","1,545","25,000",161,,,,700,,,,,,,,,"10,003,811"
1881,"3,547,228","2,671,863","224,277","2,156,360","100,188",,,,"159,248","173,072",,,,"72,000",0,"18,392","120,499",,,"339,122",,"283,978","250,000",,"18,185","7,603",74,"1,817","65,253","16,925","28,126","23,221",765,"2,893",746,"28,870",306,"30,264","1,031","25,000",130,,,,700,,,,,,,,,"10,518,556"
1882,"3,188,687","2,632,449","281,243","2,046,444","111,111",,,,"83,113","181,054",,,,"74,000",0,"19,585","120,151",,,"320,844",,"300,456","250,000",,"18,133","8,819",77,"1,904","66,616","19,569","28,640","28,806",786,"2,922",925,"68,134",722,"27,179","2,434","25,000",224,,,,700,,,,,,,,,"11,158,998"
1883,"3,731,465","2,986,122","252,618","2,358,403","114,642",,,,"179,475","189,036",,,,"76,000",0,"21,453","126,397",,,"337,380",,"316,220","250,000",,"19,075","6,996",81,"1,990","55,481","22,626","29,155","39,443",807,"2,952","1,267","82,160",870,"29,100","2,935","25,000",256,,,,700,,,,,,,,,"12,132,200"
1884,"3,583,994","3,006,399","325,776","2,198,328","108,438",,,,"217,165","197,018",,,,"78,000",0,"19,540","129,781",,,"335,815",,"335,285","250,000",,"19,586","8,929",84,"2,077","54,883","26,160","29,670","33,542",828,"2,982","1,077","89,090",944,"31,021","3,183","25,000",272,,,,700,,,,,,,,,"11,234,560"
1885,"3,026,874","2,584,018","453,156","2,050,000","132,033",,,,"221,144","205,000",,,,"80,000",0,"19,161","162,928",,,"453,679",,"388,821","250,000",,"24,588","8,247",88,"2,163","63,085","30,246","30,185","29,968",849,"3,012",962,"101,830","1,079","32,620","3,638","26,000",301,,,,700,,,,,,,,,"11,296,155"
1886,"2,592,374","2,764,224","484,235","2,361,800","122,826",,,,"82,758","212,982",,,,"82,000",0,"19,948","134,790",,,"328,999",,"368,001","250,000",,"20,342","9,846",91,"2,250","60,560","34,971","30,700","28,818",870,"3,042",925,"156,849","1,662","34,220","5,604","26,000",430,,,,700,,,,,,,,,"11,576,204"
1887,"2,526,565","3,205,084","509,188","2,301,300","155,166",,,,"164,013","220,963",,,,"84,000",0,"19,335","159,905",,,"414,373",,"412,493","250,000",,"24,132","10,641",95,"2,337","93,365","40,433","31,215","31,659",891,"3,072","1,017","190,246","2,015","35,822","6,797","26,000",508,,,,700,,,,,,,,,"11,526,552"
1888,"3,149,088","3,170,248","473,092","2,786,100","137,115",,,,"169,703","213,343",,,,"88,000",0,"21,088","140,347",,,"325,770",,"399,963","250,000",,"21,180","13,127",98,"2,423","90,840","46,749","31,730","35,228",912,"3,102","1,131","272,837","2,890","25,724","9,747","26,000",702,,,,700,,,,,,,,,"12,350,845"
1889,"2,409,837","3,117,008","437,413","2,987,600","79,137",,,,"132,097","205,723",,,,"91,000",0,"17,547","156,005",,,"373,429",,"433,271","250,000",,"23,543","13,165",102,"2,510","97,150","54,051","32,245","35,534",933,"3,131","1,141","251,220","2,661","25,899","8,975","26,000",652,,,,700,,,,,,,,,"10,711,928"
1890,"2,854,215","2,825,415","401,735","2,435,100","113,598",,,,"205,439","198,102",,,,"94,000",0,"18,882","132,876",,,"289,600",,"397,500","250,000",,"20,053","15,525",105,"2,596","79,788","62,494","32,759","39,438",954,"3,161","1,267","284,413","3,013","21,476","10,000","26,000",720,,,,700,,,,,,,,,"11,231,251"
1891,"3,065,786","2,958,221","366,056","2,427,100","56,314",,,,"45,620","190,482",,,,"97,000",0,"20,369","95,223",,,"115,861",,"376,539","250,000",,"14,371","18,128",109,"2,683","83,414","72,255","33,274","37,725",975,"3,191","1,212","405,841","4,299","27,354","9,743","26,000","1,020",,,,700,,,,,,,,,"11,846,164"
1892,"3,003,343","3,362,775","329,440","2,994,100","71,551",,,,"94,045","182,861",,,,"100,000",0,"20,894","77,490",,,"71,710",,"328,990","250,000",,"11,694","15,527",112,"2,769","95,885","83,541","33,789","43,950",997,"3,221","1,411","286,687","3,037","24,386","9,486","26,000",740,,,,700,,,,,,,,,"11,881,126"
1893,"5,176,608","3,458,027","310,781","2,161,600","99,908",,,,"249,957","175,241",,,,"103,000",0,"23,947","45,330",,,"89,359",,"145,041","250,000",,"6,841","15,992",116,"2,856","78,297","96,591","34,304","38,952","1,018","3,251","1,251","393,713","4,171","27,936","14,000","26,000",993,,,,700,,,,,,,,,"13,251,873"
1894,"4,006,778","3,439,758","292,123","2,179,000","94,833",,,,"210,235","167,620",,,,"106,000",0,"19,965","74,985",,,"133,128",,"254,622","250,000",,"11,316","18,131",119,"2,942","95,866","111,678","34,819","41,586","1,039","3,281","1,336","364,248","3,859","20,719","17,000","26,000",906,,,,700,,,,,,,,,"11,482,499"
1895,"2,734,743","3,269,798","321,990","2,138,300","82,233",,,,"155,194","160,000",,,,"88,800",0,"17,176","106,672",,,"191,033",,"360,567","250,000",,"16,098","20,625",123,"3,029","67,986","129,194","35,334","44,708","1,060","3,310","1,436","379,769","4,023","24,677","20,000","22,000",952,,,,700,,,,,,,,,"10,151,384"
1896,"4,641,921","3,248,365","351,990","1,512,897","78,612",,,,"362,267","215,000",,,,"127,000",0,"21,382","120,557",,,"141,607",,"481,793","250,000",,"18,194","22,409",126,"3,115","62,634","133,978","35,849","48,402","1,081","3,340","1,554","434,653","4,605","25,841","15,000","22,000","1,084",,,,700,,,,,,,,,"12,367,454"
1897,"3,347,243","3,181,065","381,990","1,541,059","61,883",,,,"189,650","120,000",,,,"101,500",0,"17,945","86,173",,,"114,376",,"331,224","254,545",,"13,005","23,337",130,"3,202","57,600","136,364","36,364","52,774","1,102","3,370","1,695","436,776","4,627","20,021","18,000","22,000","1,076",,,,700,,,,,,,,,"10,463,173"
1898,"3,304,029","3,168,476","411,990","2,000,403","151,952",,,,"89,100","165,100",,,,"85,500",0,"19,995","99,884",,,"109,739",,"406,761","248,670",,"15,074","18,590",133,"3,288","133,081","130,000","36,870","57,953","1,123","3,400","1,861","522,170","5,532","25,724","21,000","22,000","1,282",,,,700,,,,,,,,,"11,516,455"
1899,"4,895,048","3,109,378","466,648","2,114,799","80,181",,,,"110,000","125,400",,,,"86,800",0,"23,216","76,948",,,"168,712",,"229,188","242,795",,"11,613","17,856",137,"3,375","72,063","120,000","37,375","64,104","1,144","5,200","2,059","464,801","4,924","25,783","17,000","22,000","1,146",,,,700,,,,,,,,,"12,816,522"
1900,"6,892,336","3,164,315","521,306","2,282,256","164,281",,,,"130,000","77,000",,,,"210,300",0,"29,073","192,900",,,"157,226",,"374,974","236,920",,"17,733","14,919",140,"3,462","91,790","115,100","37,881","71,430","1,165","5,200","2,294","544,418","5,767","21,476","20,000","22,000","1,330",,,,700,,,,,,,,,"16,041,738"
1901,"5,920,023","3,167,581","575,965","2,239,864","172,533","17,182",,,"150,000","99,000",,,,"120,000",0,"29,248","164,533",,,"230,291",,"138,061","231,044",,"13,032","25,493",144,"3,548","93,395","184,400","38,387","80,407","1,186","7,000","2,582","556,303","5,893","21,936","29,800","22,000","1,337",,,,700,,,,,,,,,"16,019,010"
1902,"4,088,950","3,328,286","490,385","1,218,373","103,232","14,302",,,"176,911","180,000",,,,"119,100",0,"23,084","136,167",,,"243,508",,"151,451","231,044",,"12,989","26,440",147,"3,635","91,408","136,000","38,893","81,046",811,"7,000","2,603","366,611","3,884","21,936","10,000","22,000",902,,,,700,,,,,,,,,"12,808,257"
1903,"3,649,636","3,476,943","350,406","1,485,030","95,161","11,422",,,"295,719","117,000",,,,"98,900",0,"20,402","97,041",,,"214,790",,"236,688","231,044",,"13,414","23,576",151,"3,721","169,190","189,200","39,399","93,480","1,900","10,500","3,002","597,368","6,328","21,941","30,000","22,000","1,464",,,,701,,,,,,,,,"11,876,426"
1904,"6,763,790","3,432,111","376,131","2,185,558","120,804","8,542",,,"311,820","162,000",,,,"126,700",0,"30,362","145,721",,,"282,768",,"183,953","231,044",,"14,978","28,459",154,"3,808","118,565","174,100","39,905","114,843","3,006","11,600","3,688","791,558","8,386","26,015","30,000","22,000","1,925",,,,831,,,,,,,,,"16,931,926"
1905,"5,821,036","3,393,131","401,855","1,770,378","198,263","5,663",,,"273,672","99,000",,,,"84,000",0,"24,720","131,597",,,"242,207",,"279,115","231,044",,"15,967","26,603",158,"3,894","126,608","183,800","40,411","117,056",273,"9,500","3,759","774,035","8,200","20,835","30,500","17,000","1,871",,,,849,,,,,,,,,"14,228,115"
1906,"5,311,889","3,417,441","503,245","1,357,475","106,573","2,783",,,"98,649","130,961",,,,"130,000",0,"22,537","70,127",,,"225,770",,"278,696","231,044",,"14,052","25,412",161,"3,981","106,824","242,600","40,917","80,790",596,"11,500","2,595","690,572","7,316","15,656","41,000","17,000","1,663",,,,"1,376",,,,,,,,,"13,053,561"
1907,"6,737,328","3,573,708","604,635","1,838,434","41,240","4,124",,,"168,441","162,922",,,,"68,200",0,"31,819","77,993",,,"230,874",,"207,265","231,044",,"12,622","27,008",165,"4,067","150,075","262,100","41,423","91,448",705,"18,600","2,937","860,123","9,112","27,121","35,732","17,000","2,089",,,,"2,236",,,,,,,,,"17,772,179"
1908,"6,238,230","3,866,658","728,764","1,855,672","151,952","14,554",,,"200,891","194,883",,,,"92,500",0,"31,613","147,893",,,"477,803",,"472,730","231,044",,"26,863","20,230",168,"4,154","180,355","283,800","41,929","63,566",440,"16,200","2,041","700,373","7,420","27,587","34,500","17,000","1,707",,,,"1,375",,,,,,,,,"18,113,246"
1909,"5,529,076","3,985,403","660,503","1,471,621","150,174","3,077",,,"158,407","226,844",,,,"40,900",0,"30,934","118,696",,,"283,225",,"280,091","231,044",,"16,679","25,075",172,"4,240","158,497","233,800","42,435","94,931",500,"17,000","3,049","822,872","8,717","21,710","35,000","49,000","1,975",,,,"1,624",,,,,,,,,"17,501,895"
1910,"2,889,544","4,073,239","592,242","1,128,343","20,875","3,297",,,"69,464","258,806",,,,"24,400",0,"17,294","69,353",,,"178,657",,"269,132","231,044",,"12,647","20,923",175,"4,327","178,027","339,600","42,941","99,927",500,"14,700","3,209","841,365","8,913","34,100","25,000","49,000","2,061",,,,"1,450",,,,,,,,,"10,803,652"
1911,"4,597,146","3,509,037","523,981","1,474,705","84,392","13,995",,,"217,362","290,767",,,,"74,900",0,"25,058","49,590",,,"315,257",,"277,918","116,422",,"15,719","26,667",179,"4,413","178,652","378,100","43,447","142,617",600,"10,600","4,580","883,368","9,358","36,843","44,000","49,000","2,167",,,,"1,450",,,,,,,,,"14,746,341"
1912,"6,019,877","3,449,278","514,899","1,646,506","37,668","4,074",,,"165,018","309,202",,,,"65,900",0,"28,536","64,367",,,"202,429",,"275,806","116,422",,"13,270","22,617",182,"4,500","212,149","426,000","43,953","151,032",700,"19,400","4,850","667,118","7,067","39,586","29,000","49,000","1,664",,,,"1,450",,,,,,,,,"16,202,173"
1913,"4,468,188","3,647,072","505,816","1,710,520","62,167",390,,,"82,611","327,638",,,,"18,100",0,"27,212","54,831",,,"252,994",,"295,971","116,422",,"14,766","27,748",366,"5,064","180,079","498,900","44,458","138,380",750,"16,500","4,444","743,173","7,873","42,329","30,000","49,000","1,850",,,,"1,450",,,,,,,,,"15,722,761"
1914,"6,045,053","4,783,870","496,733","1,616,794","119,295","4,910",,,"77,637","346,073",,,,"36,800",0,"28,025","31,327",,,"185,116",,"172,096","325,180",,"9,502","21,411",408,"5,629","180,768","515,100","44,964","129,985",600,"11,400","4,174","1,031,700","10,929","45,071","49,400","42,186","2,535",,,,"1,450",,,,,,,,,"16,429,498"
1915,"2,094,194","2,121,653","487,216","878,998","105,567","25,964",,,"231,088","305,305",,,,"66,600",0,"13,534","42,882",,,"173,379",,"299,831","247,840",,"12,621","13,071",396,"6,193","170,003","394,000","45,470","121,866",350,"20,600","3,914","513,902","5,444","47,814","12,500","35,371","1,323",,,,"1,450",,,,,,,,,"8,586,041"
1916,"3,643,693","4,336,875","413,149","2,339,607","56,001","2,494",,,"92,687","247,269",,,,"33,100",0,"22,951","54,047",,,"187,103",,"292,667","247,840",,"13,055","26,763",386,"6,757","117,626","440,600","45,976","114,422",100,"19,200","3,675","878,127","9,303","50,557","45,000","28,557","2,187",,,,"1,450",,,,,,,,,"13,627,755"
1917,"3,863,521","5,416,680","404,814","2,376,262","34,518","8,032",,,"183,457","272,385",,,,"60,800",0,"25,825","59,403",,,"330,493",,"355,817","247,840",,"18,237","23,304",371,"7,321","152,770","513,300","46,482","158,985",450,"25,600","5,106","623,307","6,603","53,300","43,200","21,743","1,593",,,,"1,450",,,,,,,,,"15,145,710"
1918,"4,549,218","4,063,448","392,609","2,256,762","34,650","10,456",,,"225,077","285,647",,,,"70,500",0,"24,398","61,050",,,"339,892",,"345,598","247,840",,"18,257","31,209",359,"7,886","147,184","452,900","46,988","155,492",450,"19,400","4,994","634,310","6,720","57,100","60,800","14,929","1,628",,,,"1,450",,,,,,,,,"14,407,465"
1919,"5,510,000","3,888,225","513,338","2,052,468","28,800","8,976",,,"174,126","239,985",,,,"59,000",0,"25,299","70,298",,,"289,642",,"314,703","247,840",,"16,499","39,518",347,"8,450","132,589","457,500","47,494","123,436",450,"19,400","3,964","778,337","8,245","70,600","44,400","8,114","1,999",,,,"1,450",,,,,,,,,"14,914,509"
1920,"5,860,000","4,706,631","338,362","2,677,107","29,500","17,404",,,"244,015","163,512",,,,"60,600",0,"28,801","35,586",,,"202,826",,"288,074","247,840",,"12,876","34,774",335,"9,014","76,019","513,400","48,000","124,180",450,"36,100","3,988","704,122","7,459","77,000","49,800","1,300","2,500",,,,"1,450",,,,,,,,,"16,386,581"
1921,"4,790,000","3,520,787","460,705","1,920,430","39,700","2,948",,,"175,492","168,572",,,,"47,900",0,"22,742","54,801",,,"312,865",,"373,216","247,840",,"14,790","50,071",322,"9,579","77,722","615,500","47,300","126,263",450,"23,000","4,055","500,211","5,299","60,600","28,400","1,900","3,200",,,,"1,292",,,,,,,,,"13,406,558"
1922,"7,680,000","3,926,514","579,390","2,567,187","82,700","24,600",,,"340,619","171,458",,,,"101,900",0,"31,219","60,231",,,"415,268",,"458,358","247,840",,"17,427","38,835",310,"10,143","24,064","515,500","75,000","149,192",800,"32,000","4,791","747,309","4,000","60,900","61,800","2,014","2,900",,,,"1,363",,,,,,,,,"17,821,778"
1923,"5,990,000","5,932,454","613,120","2,207,826","82,200",800,,,"82,145","189,000",,,,"74,800",0,"30,566","81,270",,,"417,623",,"543,500","247,840",,"25,492","51,951",298,"10,707","55,669","543,500","44,200","169,059",800,"34,300","5,429","1,018,636","7,000","34,100","78,130","2,128","2,500",,,,"1,126",,,,,,,,,"18,223,280"
1924,"7,090,000","4,917,026","580,907","2,174,466","30,500","13,600",,,"180,395","213,177",,,,"30,600",0,"30,779","115,335",,,"123,135",,"611,400","193,300",,"20,784","66,662",285,"11,271","34,281","546,300","70,700","164,702",800,"36,200","5,289","978,720","6,000","55,413","83,900","2,242","1,500",,,,"1,000",,,,,,,,,"18,052,445"
1925,"6,510,000","4,988,834","548,695","2,669,759","86,000","2,100",,,"159,094","212,649",,,,"35,700",0,"30,770","103,735",,,"309,672",,"758,500","247,840",,"28,660","60,459",273,"11,836","13,771","663,500","71,700","122,811",800,"29,300","3,944","1,236,612","13,000","61,100","91,900","2,356","2,900",,,,934,,,,,,,,,"18,695,083"
1926,"4,260,000","4,077,105","366,009","1,575,354","46,000","3,500",,,"98,934","242,281",,,,"45,400",0,"21,872","137,336",,,"116,409",,"506,500","247,840",,"18,592","73,787",346,"12,400","22,111","528,200","81,900","152,400",800,"39,900","4,894","837,914","12,000","58,400","73,700","2,470","1,900",,,,519,,,,,,,,,"13,516,238"
1927,"5,120,000","3,920,293","926,706","2,832,519","22,600","4,500",,,"142,762","204,311",,,,"30,900",0,"26,881","137,528",,,"164,377",,"710,100","170,500",,"24,749","92,995",386,"12,400","16,682","464,900","86,100","308,497",800,"35,900","9,907","803,150","20,000","67,770","61,800","2,584","2,600",,,,550,,,,,,,,,"16,132,619"
1928,"6,030,000","5,148,901","452,468","2,176,345","77,500","2,800",,,"205,281","276,771",,,,"60,900",0,"29,664","148,230",,,"283,145",,"712,700","310,705",,"27,979","78,658",421,"19,800","18,636","765,600","84,100","345,145",800,"40,900","11,084","1,366,662","12,000","83,484","93,400","2,700","1,800",,,,500,,,,,,,,,"18,739,177"
1929,"6,500,000","4,630,183","660,078","2,459,339","57,300","10,400",,,"201,943","229,162",,,,"74,600",0,"30,393","147,076",,,"224,064",,"504,600","450,910",,"21,417","84,557",456,"28,100","43,086","836,800","75,300","327,797",800,"49,500","10,527","1,283,243","15,500","84,593","104,700","3,200","2,000",,,,525,,,,,,,,,"18,973,409"
1930,"4,560,000","4,203,871","578,470","1,798,312","120,200","3,600",,,"280,874","198,853",,,,"57,200",0,"23,828","139,998",,,"361,945",,"838,500","450,900",,"32,781","73,050",491,"26,000","11,943","573,400","136,700","320,197",800,"37,900","10,283","1,356,139","12,500","94,498","100,700","2,200","2,000",,,,"1,500",,,,,,,,,"16,067,593"
1931,"5,930,000","3,805,069","741,042","1,907,408","138,500","8,000",,,"283,954","175,083",,,,"52,500",0,"26,955","194,424",,,"350,977",,"874,800","475,000",,"34,732","59,454",526,"30,600","25,207","558,500","124,800","242,482",800,"53,300","7,787","1,585,667","30,000","86,870","70,700","3,800","3,973",,,,"1,500",,,,,,,,,"17,882,052"
1932,"4,960,000","4,907,868","614,987","2,118,767","107,800","3,700",,,"172,170","343,310",,,,"38,800",0,"27,083","201,052",,,"320,087",,"781,500","475,000",,"31,857","64,510",561,"25,600","19,722","218,700","93,300","241,112",800,"47,300","7,743","1,831,489","39,000","108,211","175,000","5,300","3,113",,,,"1,500",,,,,,,,,"17,755,431"
1933,"5,180,000","3,469,376","900,038","1,976,374","93,000","5,300",,,"179,854","351,900",,,,"24,000",0,"24,911","137,070",,,"261,000",,"751,400","500,000",,"28,111","74,635",596,"21,100","71,000","734,700","68,600","325,553",800,"58,300","10,455","1,673,096","44,000","106,081","140,100","5,100","2,979",,,,"1,500",,,,,,,,,"16,992,446"
1934,"7,810,000","3,139,676","1,080,472","2,171,876","90,900","13,200",,,"452,483","324,000",,,,"84,700",0,"31,081","135,900",,,"214,200",,"870,400","500,000",,"29,848","63,726",631,"16,800","154,642","754,800","52,600","292,507",800,"35,700","9,394","2,204,277","58,000","117,822","170,000","4,500","1,634",,,,"1,500",,,,,,,,,"20,617,180"
1935,"7,610,000","4,746,771","593,456","1,703,718","137,900","6,600",,,"417,447","459,000",,,,"110,000",0,"32,225","182,070",,,"242,100",,"1,045,800","500,000",,"35,949","73,939",666,"11,600","170,893","436,500","76,200","221,980",800,"56,100","7,129","1,891,005","52,000","114,087","168,800","8,700","2,600",,,,"1,500",,,,,,,,,"20,872,745"
1936,"4,370,000","3,411,005","370,890","1,543,000","98,400","6,500",,,"331,539","174,600",,,,"48,800",0,"21,091","74,250",,,"384,300",,"670,700","500,000",,"27,616","80,591",701,"7,400","280,818","581,200","85,800","292,383",800,"72,500","9,390","1,152,683","26,500","142,700","142,700","5,400","2,300",,,,"1,500",,,,,,,,,"14,654,112"
1937,"5,430,000","3,658,227","814,631","1,627,800","85,300","5,400",,,"252,202","306,000",,,,"46,900",0,"24,926","130,140",,,"378,000",,"1,066,300","500,000",,"38,504","87,950",736,"18,200","212,427","794,800","77,200","285,687",800,"20,000","9,175","1,542,396","58,700","145,400","145,400","7,100","2,500",,,,"1,500",,,,,,,,,"17,650,035"
1938,"6,030,000","4,177,968","1,095,509","1,600,000","104,500","7,700",,,"243,800","372,600",,,,"34,500",0,"27,980","211,140",,,"275,400",,"992,400","500,000",,"36,168","89,493",771,"18,100","375,746","926,200","82,800","278,991",800,"59,900","8,960","2,148,980","78,140","178,400","197,500","12,100","3,000",,,,"1,500",,,,,,,,,"20,109,607"
1939,"6,900,000","4,254,982","772,013","2,015,089","92,900","9,900",,,"299,172","385,000",,,,"73,300",0,"30,225","220,000",,,"392,500",,"1,154,200","450,000",,"43,206","64,817",806,"18,200","690,000","663,100","80,200","272,295","2,037","44,600","8,745","1,787,661","62,170","181,800","130,000","10,200","3,400",,,,"1,500",,,,,,,,,"21,111,518"
1940,"4,940,000","3,049,435","518,865","1,416,815","27,000","8,900",,,"108,569","349,000",,,,"46,200",0,"21,275","77,700",,,"83,000",,"212,000","400,000",,"19,930","64,131",841,"23,400","540,000","670,700","75,000","265,600","3,275","61,600","8,530","1,403,399","52,730","186,722","155,000","7,500","3,700",,,,"1,500",,,,,,,,,"14,798,570"
1941,"4,760,000","3,667,123","737,673","1,694,400","72,700","6,800",,,"243,852","277,000",,,,"82,600",0,"23,190","133,300",,,"148,100",,"749,100","350,000",,"55,105","70,406","1,000","22,000","849,730","761,500","62,900","264,581","4,512","68,900","8,497","1,060,339","49,700","191,644","105,000","10,000","3,700",,,,"1,500",,,,,,,,,"16,398,653"
1942,"3,500,000","3,798,688","829,921","2,035,000","51,200","3,800",,,"100,343","242,000",,,,"75,000",0,"21,640","204,200",,,"395,300",,"318,800","300,000",,"49,105","70,872","1,120","19,800","507,080","691,600","62,600","251,909","5,750","77,300","8,090","1,231,334","51,160","196,567","125,000","10,900","4,100",,,,"1,500",,,,,,,,,"15,247,879"
1943,"4,100,000","3,782,983","1,363,007","2,194,484","89,400","7,000",,,"196,072","355,000",,,,"74,700",0,"24,549","214,600",,,"368,800",,"675,000","250,000",,"67,291","86,951","1,240","15,700","540,750","1,066,200","70,900","242,338","6,987","71,800","7,783","659,623","30,570","201,489","42,000","12,700","4,300",,,,"1,500",,,,,,,,,"16,737,050"
1944,"4,430,000","3,327,002","1,407,298","2,117,954","62,500","5,000",,,"201,618","380,000",,,,"105,100",0,"24,281","224,100",,,"351,150",,"554,800","257,778",,"60,428","86,875","1,360","19,200","627,410","848,900","73,333","293,161","8,225","53,100","9,415","926,186","54,520","206,144","43,400","19,400","5,500",,,,"1,500",,,,,,,,,"16,693,528"
1945,"2,860,000","2,929,759","1,001,803","1,385,172","88,100","3,000",,,"205,000","240,000",,,,"61,300",0,"17,642","236,100",,,"333,500",,"635,700","265,556",,"64,452","63,169","1,480","18,800","838,110","710,100","75,767","258,491","9,462","57,333","8,301","950,022","23,280","211,333","64,500","26,300","5,200",,,,"1,500",,,,,,,,,"13,554,374"
1946,"3,620,000","3,375,036","638,025","1,734,506","126,600","3,568",,,"209,000","309,000",,,,"73,100",0,"20,307","155,000",,,"365,700",,"545,000","273,333",,"56,987","113,409","1,600","18,989","825,853","894,000","78,200","254,203","10,700","61,567","8,164","903,973","33,350","216,256","54,860","17,600","5,900",,,,"1,500",,,,,,,,,"14,906,204"
1947,"4,420,000","3,644,598","964,300","2,095,463","105,300","4,136",,,"214,000","377,000",,,,"88,100",0,"24,116","430,000",,,"236,400",,"364,000","281,111",,"55,099","145,572","1,720","19,178","813,596","1,034,400","85,000","261,494","11,937","65,800","8,398","830,279","41,660","221,178","54,070","14,100","6,260",,,,"1,500",,,,,,,,,"16,871,751"
1948,"4,740,000","4,039,285","772,100","1,418,425","101,600","4,704",,,"218,500","385,000",,,,"79,100",0,"23,906","150,000",,,"267,900",,"341,000","288,889",,"40,581","149,470","1,840","19,368","801,339","1,162,400","97,000","326,634","13,175","72,000","10,490","1,265,420","36,410","226,100","79,900","15,700","6,620",,,,"1,500",,,,,,,,,"17,159,878"
1949,"4,290,000","4,103,700","768,400","1,432,358","97,100","5,272",,,"136,300","414,000",,,,"55,100",0,"22,978","42,600",,,"317,300",,"409,000","296,667",,"41,116","149,191","1,960","19,557","789,083","1,039,700","90,000","314,100","14,412","80,700","10,087","1,446,730","49,870","225,100","88,490","17,700","6,980",,,,"1,500",,,,,,,,,"16,781,019"
1950,"6,510,000","4,104,900","850,200","1,446,909","129,100","5,839",,,"324,400","394,000",,,,"72,100",0,"28,132","181,800",,,"360,000",,"425,000","304,444",,"51,698","148,539","2,080","19,746","776,826","1,250,900","62,100","360,234","15,650","73,100","11,569","1,429,582","71,310","245,800","77,480","13,800","7,340",,,,"1,500",,,,,,,,,"19,760,509"
1951,"5,290,000","4,976,100","894,800","1,607,429","110,400","6,407",,,"311,240","350,000",,,,"104,100",0,"27,752","227,000",,,"322,600",,"455,000","312,222",,"53,720","118,361","2,200","19,935","764,569","1,150,300","97,700","339,490","16,887","96,100","10,903","1,374,273","102,080","191,300","43,100","14,300","7,700",,,,"1,500",,,,,,,,,"19,404,518"
1952,"5,390,000","4,485,400","562,500","1,788,882","74,600","6,975",,,"271,300","340,400",,,,"67,800",0,"26,405","233,889",,,"263,700",,"409,000","320,000",,"48,479","160,269","2,320","20,124","752,312","1,079,400","82,100","220,030","18,125","71,900","7,066","1,231,793","59,140","253,500","66,760","20,300","8,060",,,,"2,050",,,,,,,,,"18,349,580"
1953,"5,910,000","5,254,200","1,121,182","2,346,547","82,600","7,543",,,"245,600","386,000",,,,"68,200",0,"31,353","240,778",,,"178,600",,"410,000","410,000",,"44,350","136,484","2,440","20,314","740,055","1,300,100","85,200","364,728","19,362","97,100","11,713","1,828,775","117,130","255,000","66,140","20,400","8,420",,,,"2,600",,,,,,,,,"21,817,726"
1954,"6,090,000","5,047,400","1,163,709","1,749,850","163,900","8,111",,,"309,800","422,800",,,,"69,800",0,"30,547","247,667",,,"185,900",,"410,000","460,000",,"45,109","143,954","2,560","20,503","727,798","1,068,600","102,000","352,553","20,599","90,100","11,322","1,929,742","188,440","287,700","105,350","23,800","8,780",,,,"3,150",,,,,,,,,"21,496,368"
1955,"6,110,000","5,844,100","1,091,321","1,684,707","116,400","8,679",,,"240,500","357,500",,,,"80,100",0,"31,580","254,556",,,"336,800",,"576,400","470,000",,"62,444","108,942","2,682","20,692","715,541","1,767,200","74,300","363,637","21,837","76,900","11,678","1,439,812","191,450","323,200","110,000","24,700","9,140",,,,"3,700",,,,,,,,,"22,535,331"
1956,"5,170,000","6,298,100","1,037,742","2,114,386","35,100","9,247",,,"92,900","398,200",,,,"44,500",0,"30,902","261,444",,,"233,000",,"262,200","510,000",,"40,461","104,184","2,500","20,881","703,284","1,342,200","137,600","395,388","23,074","87,400","12,698","1,863,087","211,270","283,100","127,050","22,700","9,500",,,,"4,250",,,,,,,,,"21,893,194"
1957,"3,330,000","4,283,800","957,637","1,736,452","141,500","9,815",,,"226,400","401,600",,,,"41,300",0,"22,624","268,333",,,"326,000",,"336,650","550,000",,"49,783","139,991","2,300","21,070","691,028","861,600","169,800","357,893","24,312","77,700","11,494","1,528,557","182,000","286,100","158,390","16,300","13,900",,,,"4,800",,,,,,,,,"17,233,684"
1958,"4,770,000","6,799,500","858,501","1,983,384","189,700","10,382",,,"480,000","321,100",,,,"65,400",0,"31,467","275,222",,,"529,400",,"411,100","620,000",,"65,009","153,900","2,900","21,259","678,771","1,409,800","167,000","372,050","25,549","68,000","11,948","1,382,674","200,000","286,000","200,000","24,500","14,700",,,,"5,350",,,,,,,,,"22,438,933"
1959,"6,030,000","6,837,900","892,424","1,727,795","72,800","10,950",,,"430,300","327,400",,,,"106,100",0,"33,414","282,111",,,"325,700",,"485,550","670,000",,"58,466","148,088","3,100","21,449","666,514","1,776,700","156,000","363,819","26,787","96,700","11,684","1,860,063","280,000","318,200","170,000","33,900","23,000",,,,"5,900",,,,,,,,,"24,256,992"
1960,"6,310,000","5,533,900","1,145,785","2,125,653","89,700","11,518",,,"743,300","282,000",,,,"110,400",0,"33,244","289,000",,,"295,600",,"560,000","780,000",,"61,206","129,112","4,200","21,638","654,257","1,582,600","150,000","368,844","28,024","81,000","11,845","1,585,080","230,700","286,900","158,700","17,300","17,100",,,700,"6,450",,,,,,,,,"23,709,046"
1961,"4,855,000","5,248,200","741,967","2,048,201","120,000","12,086",,,"357,400","364,000",,,,"86,200",0,"37,007","208,000",,,"351,000",,"442,000","850,000",,"36,560","153,625","4,000","21,827","642,000","1,675,000","158,000","485,276","29,262","75,000","12,480","1,563,194","223,200","305,000","143,740","29,140","21,310","6,000",,630,7000,,,,,,,,,"21,312,074"
1962,"7,497,000","6,999,300","1,526,807","2,450,846","91,000","13,107",,,"392,800","407,000",,,,"83,700",0,"33,854","352,000",,,"313,000",,"593,000","1,010,000",,"36,270","189,938","5,000","25,108","695,000","1,917,000","139,000","552,927","28,238","70,000","16,190","1,500,000","189,600","349,000","185,400","33,885","23,005","6,250",,665,8905,,,,,,,,,"27,733,875"
1963,"5,752,000","5,364,000","1,297,938","2,583,570","164,000","16,139",,,"603,400","279,000",,,,"94,200",0,"16,349","384,000",,,"424,000",,"536,000","1,190,000",,"47,091","136,114","6,000","25,633","735,000","2,074,000","118,000","460,593","32,458","84,000","16,180","1,257,520","257,900","350,000","198,600","35,149","23,432","6,500",,666,8645,,,,,,,,,"24,578,166"
1964,"6,243,000","6,694,500","1,359,453","3,417,475","284,000","16,793",,,"718,500","359,000",,,,"97,500",0,"25,378","325,000",,,"555,000",,"520,000","1,270,000",,"61,969","171,926","6,800","26,597","730,000","1,953,000","100,000","483,710","34,555","78,000","15,540","1,047,700","245,862","373,000","183,600","38,540","23,188","6,750",,657,4219,,,,,,,,,"27,468,776"
1965,"6,842,000","6,820,600","1,474,921","2,645,200","139,000","11,799",,,"503,500","406,000",,,,"96,600",0,"33,588","396,000",,,"243,000",,"521,000","1,340,000",,"73,916","176,927","8,000","24,131","831,000","1,827,000","193,000","364,844","38,956","87,000","17,790","1,402,600","344,878","452,000","184,800","47,281","23,371","7,000",,630,6555,,,,,,,,,"27,597,286"
1966,"6,225,000","6,470,600","892,788","3,074,900","145,000","13,572",,,"480,900","395,000",,,,"83,200",0,"37,724","414,000",,,"337,000",,"557,000","1,590,000",,"77,367","156,112","9,000","28,957","734,000","2,192,000","126,000","473,599","41,742","84,000","17,780","682,229","211,000","416,000","122,200","44,389","23,846","7,250",,661,6689,,,,,,,,,"26,210,296"
1967,"6,203,000","7,472,500","973,966","2,331,000","259,000","13,079",,,"606,900","383,000",,,,"96,100",0,"44,697","351,000",,,"479,000",,"524,000","1,800,000",,"80,774","189,721","10,000","33,657","780,000","2,817,000","196,000","488,780","40,287","84,000","18,760","644,607","136,880","432,000","94,500","39,645","24,170","7,500",,670,12619,,,,,,,,,"27,690,537"
1968,"6,646,000","6,532,300","1,167,374","2,313,300","248,000","12,423",,,"604,800","411,000",,,,"103,400",0,"46,120","497,000",,,"484,000",,"679,000","1,910,000",,"89,690","202,045","14,000","34,292","812,000","1,951,000","199,000","535,987","43,227","84,000","18,760","995,000","175,000","492,000","95,200","40,408","26,466","7,750",,560,14664,,,,,,,,,"27,509,553"
1969,"5,129,000","7,165,800","796,080","2,461,900","227,000","13,147",,,"594,700","489,000",,,,"79,600",0,"47,496","491,000",,,"561,000",,"685,000","2,400,000",,"108,820","236,899","16,000","36,196","1,023,000","1,792,000","158,000","402,353","46,179","76,000","14,790","871,050","70,000","490,000","81,800","48,388","27,746","8,000",,611,10998,,,,,,,,,"26,677,163"
1970,"7,540,000","6,887,000","1,132,760","2,560,500","310,000","24,735",,,"988,900","453,000",,,,"126,700",0,"42,180","409,000",,,"438,000",,"449,000","2,680,000",,"110,400","286,975","19,000","41,912","969,000","1,836,000","190,000","400,561","70,348","91,000","14,856","869,200","125,260","424,000","54,900","43,030","24,623","8,250",,731,9880,,,,,,,,,"29,650,140"
1971,"6,225,000","6,421,200","883,490","2,588,700","181,000","11,450",,,"602,700","420,000",,,,"88,200",0,"52,792","409,000",,,"429,000",,"635,000","2,800,000",,"111,500","251,199","21,000","55,248","1,370,000","2,178,000","190,000","525,147","71,713","91,000","15,906","924,700","115,000","553,000","101,400","42,094","24,928","8,500",,712,10140,,,,,,,,,"28,438,267"
1972,"5,947,000","6,017,400","819,600","2,432,500","260,000","15,000",,,"745,600","443,000",,,,"100,400",0,"54,811","379,000",,,"503,000",,"627,000","1,780,000",,"121,977","290,240","25,000","41,909","1,204,000","1,999,000","230,000","640,177","74,595","90,000","16,214","575,338","114,618","535,000","101,800","40,141","25,969","8,750",,775,11310,,,,,,,,,"26,315,089"
1973,"8,347,000","7,671,600","1,108,600","4,192,770","240,000","19,600",,,"1,069,700","393,000",,,,"129,900",0,"34,174","521,000",,,"623,000",,"922,000","2,800,000",,"123,537","256,717","34,000","43,183","1,581,000","2,257,000","236,000","544,592","84,834","90,000","16,942","590,984","126,000","539,000","105,800","38,277","24,460","9,000",,782,12350,,,,,,,,,"34,791,769"
1974,"7,643,000","7,686,700","1,336,800","3,785,195","166,000","14,300",,,"680,500","451,000",,,,"75,500",0,"60,837","444,000",,,"426,000",,"628,000","2,680,000",,"130,110","294,666","31,000","38,102","1,424,000","2,718,000","204,000","466,517","92,721","90,000","16,580","628,172","127,000","505,000","111,600","25,404","24,338","9,250",,845,11700,,,,,,,,,"33,045,543"
1975,"6,697,000","6,983,400","877,330","3,319,454","270,000","16,509",,,"924,100","409,000",,,,"83,000",0,"53,244","360,000",,,"495,000",,"727,000","2,970,000",,"136,770","361,177","25,000","46,959","1,453,000","2,210,000","204,000","464,871","95,903","90,000","14,519","431,900","100,000","590,000","95,500","17,636","29,751","9,500",,802,15600,,,,,,,,,"30,568,922"
1976,"7,415,000","6,570,000","925,290","2,431,118","290,000","13,200",,,"865,900","407,000",,,,"119,400",0,"50,344","537,000",,,"451,000",,"967,000","3,150,000",,"145,958","346,255","30,000","49,305","1,437,000","2,820,000","220,000","514,269","109,717","82,000","16,605","378,273","77,000","597,000","58,300","9,871","31,076","9,750",,871,16900,,,,,,,,,"31,176,981"
1977,"5,302,000","6,414,200","658,280","2,181,967","259,000","16,140",,,"1,038,900","400,000",,,,"130,000",0,"49,651","371,000",,,"559,000",,"911,000","3,070,000",,"153,640","372,269","33,000","37,926","1,583,000","2,332,000","264,000","578,638","114,046","47,000","17,491","254,876","81,000","482,000","72,900","20,122","33,827","10,000",,868,16250,,,,,,,,,"27,966,032"
1978,"5,891,000","7,243,900","636,200","2,948,138","337,000","7,809",,,"729,700","430,000",,,,"77,800",0,"59,126","452,000",,,"475,000",,"763,000","2,470,000",,"159,705","332,304","41,000","52,003","1,616,000","2,027,000","285,000","561,175","165,333","47,000","18,093","184,000","55,000","606,000","49,100","16,448","36,796","15,000",,926,18200,,,,,,,,,"28,898,620"
1979,"8,438,000","8,514,600","1,407,824","4,813,517","277,000","6,767",,,"818,100","412,000",,,,"110,800",0,"62,394","468,000",,,"513,000",,"886,000","2,940,000",,"148,710","345,392","42,000","43,918","1,605,000","2,635,000","285,000","540,021","157,031","55,000","18,830","270,976","110,000","630,000","63,800","19,305","31,238","30,000",,916,23400,,,,,,,,,"36,792,374"
1980,"6,971,000","8,654,500","1,003,546","4,240,200","309,000","5,688",,,"463,500","450,000",,,,"84,200",0,"62,635","409,000",,,"569,000",,"760,000","3,220,000",,"163,082","404,893","47,000","45,493","1,800,000","2,349,000","200,000","586,000","170,309","57,000","20,340","283,751","91,000","707,000","61,900","15,120","32,741","80,000",,964,22750,,,,,,,,,"34,386,018"
1981,"5,770,000","7,056,000","882,171","3,366,700","209,000","10,274",,,"715,900","479,000",,,,"25,500",700,"43,867","486,000",,,"389,000",,"995,000","3,440,000",,"165,204","366,413","44,000","45,402","1,630,000","2,180,000","288,000","594,300","232,850","97,000","18,857","266,888","84,000","773,000","56,800","16,247","30,475","111,000",,1108,26650,,,,,,,,,"30,944,918"
1982,"7,995,000","7,264,800","1,003,097","3,743,300","491,000","26,179",,,"1,540,300","462,000",,,,"184,000",700,"50,619","574,000",,,"677,000",,"1,307,000","3,490,000",,"151,345","394,738","47,000","45,871","1,950,000","2,518,000","330,000","610,000","230,468","84,000","19,025","151,400","35,000","895,000","47,910","17,597","30,252","118,000",,1181,33150,,,,,,,,,"36,616,521"
1983,"6,880,000","8,328,000","825,214","3,091,300","370,000","18,926",,,"1,304,100","501,000",,,,"161,200",700,"47,530","455,000",,,"626,000",,"949,000","3,510,000",,"161,261","334,557","58,000","52,822","1,476,000","2,472,000","188,000","520,000","229,596","75,000","18,968","187,567","42,000","917,000","53,710","14,281","31,706","129,000",,1272,35100,,,,,,,,,"34,123,229"
1984,"6,415,000","7,090,000","839,290","3,395,724","252,000","15,647",,,"799,300","501,000",,,,"117,900",700,"46,349","516,000",,,"507,000",,"1,004,000","3,410,000",,"179,309","393,675","42,000","60,620","1,666,000","1,881,000","243,000","450,000","206,221","67,000","19,262","139,380","35,000","908,000","65,700","18,456","34,713","160,000",,1369,35100,,,,,,,,,"31,613,016"
1985,"7,029,000","6,300,000","956,730","3,238,200","113,000","11,104",,,"540,200","450,000",,,,"125,000",600,"40,833","386,000",,,"289,000",,"535,000","2,650,000",,"40,800","444,572","60,000","48,209","1,720,000","1,574,000","366,000","319,650","219,353","71,000","19,899","93,810","37,000","831,000","52,940","17,212","36,620","233,000",,1113,30550,,,,,,,,,"28,970,952"
1986,"7,422,000","7,709,300","761,540","3,508,224","223,000","16,376",,,"1,006,200","452,000",,,,"134,500",800,"68,840","390,000",,,"442,000",,"1,185,000","1,410,000",,"159,291","383,082","42,000","57,099","1,927,000","1,857,000","225,000","300,382","246,433","71,000","19,507","90,630","45,400","767,000","37,480","19,215","36,784","253,000",,1624,31850,,,,,,,,,"31,397,463"
1987,"6,944,000","7,587,400","1,074,176","3,997,633","218,000","14,644",,,"894,200","428,000",,,,"110,000",500,"74,084","359,000",,,"326,000",,"806,000","1,470,000",,"95,600","366,541","38,000","54,761","1,904,000","2,602,000","218,000","286,364","181,018","74,000","19,104","91,780","45,400","880,000","39,220","25,300","37,777","279,000",,1673,37700,,,,,,,,,"31,671,032"
1988,"5,746,000","6,101,000","360,291","2,212,887","350,000","14,673",,,"931,500","426,000",,,,"111,000",600,"87,576","340,000",,,"471,000",,"642,000","1,780,000",,"167,536","403,325","39,000","54,229","2,011,000","2,063,000","349,000","335,039","192,702","106,000","19,268","62,100","35,400","916,000","20,383","22,524","37,650","309,000",,1715,40309,,,,,,,,,"26,845,122"
1989,"6,048,000","6,065,100","743,697","3,113,000","258,000","23,647",,,"1,322,600","463,000",,,,"170,000",2175,"95,985","266,000",,,"371,000",,"463,000","1,930,000",,"164,764","494,235","46,000","28,980","1,761,000","2,032,000","274,000","329,789","179,146","85,000","19,765","50,373","50,210","968,000","22,500","22,992","37,935","272,000",,1861,51763,,,,,,,,,"28,355,628"
1990,"6,552,900","5,486,600","1,076,761","3,969,200","316,600","15,477",,,"851,400","352,500",,,,"131,300",1425,"61,480","292,500",,,"547,200",,"590,000","1,570,000",,"177,135","439,264","54,500","33,229","1,585,200","1,403,600","310,800","327,588","153,329","94,000","19,728","48,500","30,070","852,000","25,800","20,865","36,934","254,000",,2042,47693,,,,,,,,,"27,837,442"
1991,"4,268,900","5,978,800","947,124","3,139,000","309,300","8,969",,,"1,017,000","402,100",,,,"124,600",1500,"43,320","255,000",,,"460,700",,"480,500","1,800,000",,"166,200","394,289","50,000","37,786","1,514,000","1,450,000","305,500","237,404","179,618","79,600","19,507","46,000","38,950","857,400","41,400","20,005","41,102","240,000",,2170,42298,,,,,,,,,"25,072,518"
1992,"6,540,100","6,868,600","719,803","3,383,155","258,800","27,778",,,"1,334,900","403,600",,,,"123,900",2625,"67,173","211,000","205,915","179,700","387,800","347,400","470,700","474,000","219,000","781,115","475,586","41,600","33,747","1,654,000","1,435,000","358,400","212,757","183,384","80,400","16,325","40,957","43,480","883,900","33,000","26,969","45,078","250,000",,2192,44194,,,,,,,,,"29,085,037"
1993,"5,328,500","6,267,200","445,183","2,640,466","186,500","17,282",,,"982,200","337,800",,,,"115,600",1725,"87,870","168,300","208,105","162,000","364,400","549,000","583,900","335,000","175,000","651,663","457,799","32,500","24,948","1,585,000","1,447,000","268,900","223,981","166,853","107,000","16,407","65,000","33,200","811,100","33,245","28,797","50,226","280,000",,2268,43385,,,,,,,,,"25,520,495"
1994,"5,464,000","5,929,000","626,652","2,078,330","264,700","17,557",,,"1,030,300","305,100",,,,"118,800",1800,"51,718","188,500","189,253","160,000","369,400","386,700","537,000","296,000","116,320","773,319","587,377","41,000","30,093","1,755,000","1,817,300","302,000","276,648","203,435","70,900","16,616","50,000","27,860","804,400","28,414","29,960","52,338","190,000",,2366,51534,,,,,,,,,"25,657,573"
1995,"5,435,400","6,267,200","777,636","2,103,960","222,900","15,065",,,"827,800","384,100",,,,"118,100",1275,"58,717","264,100","178,492","79,000","328,900","320,000","672,000","234,000","186,000","774,896","502,796","56,400","35,483","1,866,800","1,644,300","312,800","290,904","146,576","85,200","21,486","57,100","17,250","844,600","28,179","31,834","53,570","219,737",,2321,57032,,,,,,,,,"26,033,787"
1996,"5,704,700","5,854,300","928,619","3,040,120","211,000","12,762",,,"839,000","410,900",,,,"130,400",2610,"59,125","353,400","195,801","78,100","418,800","247,000","766,300","205,000","172,000","785,278","673,445","57,300","33,285","1,887,700","1,268,100","312,800","337,273","133,195","96,300","21,379","39,200","28,450","1,012,612","22,086","36,320","36,192","178,638",,2478,63755,,,,,,,,,"27,138,943"
1997,"5,356,100","5,056,300","562,988","3,321,780","180,200","7,471",,,"831,100","398,700",,,,"104,500",750,"56,630","337,100","225,962","78,100","447,200","35,400","668,800","223,000","155,000","871,293","618,037","45,800","34,447","2,200,000","1,350,000","274,300","381,667","152,379","102,800","23,027","35,700","37,610","880,915","37,221","33,613","45,613","170,422",,2570,89955,,,,,,,,,"26,184,337"
1998,"5,267,100","5,689,600","444,144","3,022,430","270,300","15,971",,,"1,062,000","382,600",,,,"117,200",1125,"73,176","212,900","227,727","71,700","433,400","125,200","500,200","218,000","126,000","716,281","741,774","60,600","39,592","2,050,400","1,267,300","278,200","444,007","136,104","105,000","22,846","36,000","29,740","815,600","34,000","34,463","40,173","171,413",,2662,115117,,,,,,,,,"26,315,296"
1999,"6,043,500","5,568,700","753,619","3,338,770","280,338","18,428",,,"1,212,300","368,000",,,,"131,200",1350,"59,053","202,600","209,404","71,700","333,878","73,750","605,400","256,000","125,000","529,535","851,413","60,200","51,170","1,905,000","1,588,770","319,029","371,428","144,311","105,000","37,141","42,156","49,337","914,100","45,305","26,400","38,672","190,232",,2740,87731,,,,,,,,,"27,858,274"
2000,"5,754,100","5,408,800","637,769","4,117,394","233,841","29,190",,,"985,200","368,000",,,,"127,572",1425,"59,874","183,372","189,100","71,700","429,900","111,200","545,300","309,000","129,000","582,542","859,502","60,200","42,791","2,333,000","1,253,700","300,000","570,431","104,124","90,412","56,373","42,362","29,900","837,210","39,703","24,766","37,920","298,171",,2795,83989,,,,,,,,,"27,984,556"
2001,"5,338,800","5,229,300","742,579","3,095,067","253,058","29,480",,,"889,100","355,800",,,,"117,389",1575,"53,168","123,015","195,200","59,500","551,400","160,400","546,300","351,000","178,000","556,842","1,076,537","53,300","44,534","2,219,000","1,583,500","296,800","504,369","141,140","87,310","59,497","42,000","27,627","746,485","31,008","26,829","35,886","328,467",,2974,85951,,,,,,,,,"26,912,838"
2002,"5,000,000","4,460,400","638,330","3,453,960","259,908","15,387",,,"988,500","347,700",,,,"111,240",938,"26,515","114,509","209,500","57,600","333,297","154,200","546,100","343,000","243,000","490,661","1,220,373","89,000","46,886","2,088,000","1,269,500","312,200","526,496","101,226","71,434","59,036","50,000","33,066","834,156","26,372","26,162","36,229","344,071",,3359,89880,,,,,,,,,"25,700,562"
2003,"4,749,060","4,408,600","709,947","4,246,240","252,989","12,310",,,"811,000","387,046",,,,"107,660",1343,"41,017","143,835","176,800","65,300","388,002","197,900","545,700","365,280","238,000","571,252","1,085,985","55,000","35,889","2,225,000","1,322,500","262,000","640,848","109,633","81,814","63,573","60,000","34,293","956,015","23,474","22,548","37,510","362,431",,3123,76095,,,,,,,,,"26,658,619"
2004,"5,910,694","5,313,500","720,160","4,280,433","273,456","15,583",,,"1,014,700","443,305",,,,"115,866",1875,"29,767","194,804","197,900","53,000","527,183","340,200","707,072","391,230","201,212","561,468","1,471,227","119,200","52,220","2,305,000","1,564,000","392,500","605,206","73,011","112,559","67,137","85,000","35,000","1,015,697","35,839","26,724","39,023","412,336",,2824,68880,,,,,,,,,"30,584,191"
2005,"5,210,500","5,056,600","701,981","3,643,687","226,400","13,537",,,"910,400","402,700",,,,"100,000",1275,"31,404","170,800","77,300","87,000","310,300","373,400","260,200","317,440","212,970","474,464","1,433,826","102,000","29,134","2,710,000","1,522,000","320,000","735,991","41,486","89,201","77,454","90,000","37,560","905,227","28,563","25,982","39,803","454,935",,3483,84447,,,,,,,,,"28,156,808"
2006,"5,212,700","4,963,300","727,386","3,890,731","225,600","12,365",,,"906,300","393,800",,,,"101,000",2528,"28,257","175,700","70,000","85,000","327,100","193,812","501,400","473,770","216,000","345,379","1,429,789","133,200","50,400","2,358,000","1,540,000","237,000","802,441","56,764","93,581","78,454","105,000","36,159","1,012,980","34,693","25,215","39,699","407,562",,5444,68202,,,,,,,,,"28,286,521"
2007,"4,711,600","4,251,400","581,562","3,520,871","262,803","14,197",,,"1,036,500","350,028",,,,"104,094",998,"21,599","136,953","65,000","107,000","322,000","128,490","535,514","513,130","240,000","385,303","961,972","147,600","50,500","2,414,000","1,504,600","350,200","791,794","62,994","94,041","80,249","52,000","37,000","1,043,500","21,575","21,302","41,803","548,290",,6275,68364,,,,,,,,,"26,401,913"
2008,"4,198,632","4,624,500","542,755","3,736,689","299,372","15,967",,,"1,000,100","400,409",,,,"107,447",1005,"18,213","230,046","50,869","90,200","325,000","159,700","554,182","503,483","250,000","362,110","1,244,778","205,200","52,000","2,346,000","1,467,764","368,300","824,642","55,668","109,001","81,863","69,816","35,000","1,089,000","29,070","24,531","46,225","706,325",,7677,68973,,,,,,,,,"27,022,981"
2009,"4,552,077","4,542,200","571,071","3,548,929","235,188","16,479",,,"913,900","425,000",,,,"111,354",2385,"14,755","230,000","55,614","104,300","330,000","125,135","610,000","501,000","273,000","358,268","1,179,191","205,200","53,000","2,677,000","1,213,547","340,000","981,772","44,553","61,874","70,444","58,840","29,498","1,033,400","24,500","23,250","42,322","888,644",,9883,68475,,,,,,,,,"27,233,722"
2010,"4,531,671","4,673,700","690,919","3,535,347","173,745","14,025",,,"690,600","336,500",,,,"103,094",3038,"13,123","150,083","46,346","103,400","181,279","127,040","328,724","760,530","300,200","343,554","1,151,656","190,000","55,000","2,650,000","1,625,077","338,000","840,891","34,356","65,000","71,667","47,500","33,300","984,800","22,150","27,950","35,411","951,774",,14171,71720,,,,,,,,,"26,889,939"
2011,"5,106,761","4,270,500","542,093","3,370,912","281,476","17,899",,,"913,200","295,000",,,,"101,800",2265,"14,260","122,687","48,875","110,800","275,000","124,627","405,817","696,260","175,400","342,724","1,125,986","235,000","56,500","2,692,400","1,547,300","346,000","946,640","38,212","66,500","83,383","48,000","34,000","1,012,800","23,200","28,490","35,495","1,036,603",,13018,78090,,,,,,,,,"27,192,682"
2012,"4,209,724","4,107,370","611,462","3,112,256","215,475","11,368",,,"901,200","275,000",,,,"100,387",773,"11,010","133,700","44,191","112,700","181,800","148,304","331,061","622,000","179,748","377,149","1,236,145","194,000","57,000","2,981,100","1,166,025","296,700","1,187,672","38,900","67,000","86,517","49,200","34,500","1,095,100","24,000","31,230","36,846","1,255,052",,14702,81873,,,,,,,,,"26,112,223"
2013,"4,293,466","4,796,590","603,970","4,607,855","239,195","12,989",,,"840,900","311,530",,,,"83,863",3338,"13,696","170,000","46,000","98,800","261,800","120,104","106,042","529,000","168,247","371,800","1,245,602","248,400","47,376","3,114,600","1,498,400","271,000","1,210,742","17,951","67,000","91,571","49,800","34,500","1,156,900","28,500","30,000","36,796","1,089,076",,18567,14306,,,,,,,,,"28,646,648"
2014,"4,650,000","4,208,750","603,327","3,950,000","199,869","15,394",,,"920,200","334,300",,,,"93,365",4725,"14,000","70,000","45,272","108,600","258,520","149,850","375,283","490,000","86,904","501,000","1,186,343","320,400","54,663","3,021,400","1,517,900","273,200","1,214,000","39,360","72,500","109,000","52,000","37,000","1,146,000","21,500","44,707","35,000","1,079,206",,21206,15073,,,,,,,,,"27,389,773"
2015,"4,700,000","4,950,000","700,000","3,770,000","230,000","16,000",,,"887,281","250,000",,,,"90,000",3800,"14,000","130,000","45,000","130,000","287,300","170,000","350,000","560,000","75,000","500,000","1,191,193","234,700","55,000","3,080,000","1,335,800","350,000","1,233,562",,,,,,"1,123,100",,,,"1,002,768",,,16919,,,,,,,,,"27,600,000"
2016,"4,350,000","5,090,000","600,000","3,930,000","200,000","16,000",,,"900,000","260,000",,,,"90,000","4,000","14,000","120,000","45,000","110,000","190,000","170,000","330,000","560,000","75,000","500,000","1,310,000","313,900","55,000","3,150,000","940,000","160,000","1,010,000",,,,,,"1,053,100",,,,"993,563",,,17000,,,,,,,,,"26,700,000"